robustness,alpha_lon_accel_max,alpha_lon_brake_max,alpha_lon_brake_min,response_time
13.821512487834212,3.7812059232768327,9.623657822619023,3.994065177621086,2.195026122603995
3.542961950769696,1.6433136713333534,7.28597542758873,4.072036034973725,0.41729203716533775
