alpha_lon_accel_max,alpha_lon_brake_max,alpha_lon_brake_min,response_time,robustness
7.246225467561942,8.30072907701296,5.411259640773988,0.2665630387217615,3.440823620414837
6.111523556590676,9.701833776197363,4.270974479486094,2.5291149914404762,19.257279743561455
1.7122237295607468,7.7897121222662395,4.8853522082163385,0.42604645913276007,3.005071833579805
