alpha_lon_accel_max,alpha_lon_brake_max,alpha_lon_brake_min,response_time,robustness
3.8376682334369203,7.811281608123494,4.716085217718196,0.5399105778744298,3.22909393385558
6.847605603220896,9.762999424949125,3.8904744682455923,3.4422139515259715,77.11410822776345
6.191527163496513,9.744314236455885,4.077395091118615,2.5157628397412846,20.415805345276517
