robustness,alpha_lon_accel_max,alpha_lon_brake_max,alpha_lon_brake_min,response_time
3.4375618406017234,3.362917159856533,7.967071908105522,4.741966661321817,0.4124427654251072
18.793498044819504,6.345005253246581,9.746064465324926,4.075357137711533,2.3249299002146055
